275045209827710,Dupond,Arthur,10/04/1975 00:00:00,15 rue des Lilas,arthur.dupond@example.com,01 23 45 67 89,2000-09-10,Directeur Général,150000,
290092076667639,Fiesta,Camille,05/09/1990 00:00:00,25 avenue des Roses,camille.fiesta@example.com,06 12 34 56 78,2015-03-15,Directrice Commerciale,75000,275045209827710
188023641962788,Fetard,Hugo,20/02/1988 00:00:00,8 chemin des Étoiles,hugo.fetard@example.com,05 67 89 12 34,2012-11-20,Directeur des opérations,60000,275045209827710
283070846411680,Joyeuse,Élodie,15/07/1983 00:00:00,30 boulevard du Soleil,elodie.joyeuse@example.com,04 56 78 90 12,2008-04-03,Directrice des RH,62000,275045209827710
292121057666131,Forge,Vincent,03/12/1992 00:00:00,12 rue de la Paix,vincent.forge@example.com,03 23 45 67 89,2016-05-10,Commercial,56000,290092076667639
280051195319208,Fermi,Sophie,18/05/1980 00:00:00,5 avenue de la Liberté,sophie.fermi@example.com,03 45 67 89 01,2005-09-08,Commerciale,59000,290092076667639
177113365379620,Royal,Alexandre,28/11/1977 00:00:00,18 chemin du Lac,alexandre.royal@example.com,03 67 89 01 23,2002-06-22,Chef d'Equipe,65000,188023641962788
289037770644317,Prince,Manon,12/03/1989 00:00:00,4 rue des Moulins,manon.prince@example.com,02 12 34 56 78,2014-08-17,Chef d'Equipe,54000,188023641962788
195013820888314,Romu,Étienne,09/01/1995 00:00:00,7 avenue des Champs,etienne.romu@example.com,02 23 45 67 89,2018-12-20,Chauffeur,45000,177113365379620
291028973351445,Rome,Chloé,07/02/1991 00:00:00,6 avenue du Soleil,chloe.rome@example.com,03 45 67 89 01,2016-04-25,Chauffeur,45000,289037770644317
298110329451665,Romi,Léa,25/11/1998 00:00:00,2 rue des Roses,lea.romi@example.com,04 56 78 90 12,2021-01-30,Chauffeur,45000,177113365379620
286016098512358,Roma,Julien,09/01/1986 00:00:00,9 chemin de la Paix,julien.roma@example.com,03 34 56 78 90,2011-07-11,Chauffeur,45000,177113365379620
284034860737830,Rimou,Charlotte,23/03/1984 00:00:00,11 rue des Lilas,charlotte.rimou@example.com,03 23 45 67 89,2009-08-19,Chauffeur,45015,289037770644317
193117710697670,Couleur,Emma,10/11/1993 00:00:00,10 avenue de la Liberté,emma.couleur@example.com,02 12 34 56 78,2018-03-14,Formation,54000,283070846411680
281066340210379,ToutleMonde,Alice,05/06/1981 00:00:00,3 chemin du Lac,alice.toutlemonde@example.com,06 56 78 90 12,2006-09-07,Contrats,58000,283070846411680
275045386058526,GripSous,Louis,18/04/1975 00:00:00,8 rue des Roses,louis.gripsous@example.com,01 23 45 67 89,2000-01-04,Directeur Financier,70000,275045209827710
280126165624658,Picsou,Gabriel,30/12/1980 00:00:00,7 avenue des Champs,gabriel.picsou@example.com,04 56 78 90 12,2005-06-22,Direction Comptable,68000,275045386058526
188107689874835,Fournier,Clara,15/10/1988 00:00:00,4 boulevard du Soleil,clara.fournier@example.com,05 67 89 12 34,2013-03-09,Comptable,55000,280126165624658
192057037122181,Gautier,Anaïs,28/05/1992 00:00:00,5 rue de la Paix,anais.gautier@example.com,03 23 45 67 89,2017-08-15,Comptable,56000,280126165624658
290096155264113,GrosSous,Martin,08/09/1990 00:00:00,20 rue de la République,martin.rouge@example.com,04 56 78 90 12,2015-01-15,Controleur de Gestion,58000,275045386058526
221018892176108,Delahaye,Dominique,01/01/2021 00:00:00,31,a,0752525252,2024-05-07,Chauffeur,45000,289037770644317
103090928078407,Guillemot,Kentin,17/09/2003 00:00:00,85 rue de Marie,k.guillemot@edu.devinci.fr,0687457563,2024-05-08,Chauffeur,45000,177113365379620
206025226161456,Degueurce,Maeliss,12/02/2006 00:00:00,2 rue de Bayonne,mae.degueurce@gmail.com,06 86 92 12 30,2024-03-10,Chauffeur,45000,
204063872224290,Carlotti,Gabriel,18/06/2004 00:00:00,12 rue de Nanterre,gabos@mac.com,07 45 55 63 12,2021-01-01,Chauffeur,45000,101063229358952
101063229358952,Bouchet,Louis,30/06/2001 00:00:00,31 rue de Bayonne,louis@mac.com,06 66 52 17 45,2020-02-02,Chef d'Equipe,60000,188023641962788
199021936821127,Bourgain,Félix,28/02/1999 00:00:00,53 rue de Perpignan,fefoubou@mac.com,06 44 12 75 30,2019-12-13,Chauffeur,45000,101063229358952
104020667704204,Thomas,Betton,01/02/2004 00:00:00,12 rue de paris,test@mac.com,0752525252,2024-05-15,Chauffeur,45000,
